{"accuracy": 0.5, "precision": 0.5, "recall": 0.6666666666666666, "f1": 0.5714285714285714}